Janice,87.3,261.98,10,f1,P,6050.525,,,
Hua Mulan,86.8,337.7,24,f2,I,6050.434,,,
Tatyana,85.4,212.4,19,f1,?,6050.572,,,
Landowska,84.57,74.3,33,p,P,6050.308,,,
Ruslanova,83.94,16.6,44.3,p,P,6050.548,,,"103,"
Sveta,82.459,273.21,21,f1,P,6051.272,41;48;48,75N209;75N254;75N299,
,81.7,85,11.5,f2,"S,F",,,,
,81.62,84.97,2,p,S,6050.6,"16,69,100;22,69;30",75N029;75N074;75N119,
Odilia,81.236,200.172,20.8,p,Ic,6050.798,41;48,75N209;75N254,
Lagerlof,81.188,285.158,56,vmp,D,6051.575,48,"75N254,75N299",
Efimova,80.959,223.352,26.5,p,P,6050.726,41;48,75N209;75N254,
Tursunoy,80.944,229.312,4.7,p,I,6051.067,41;48,75N209;75N254,
Eugenia,80.576,105.432,6,p,M,6050.636,"22,69",75N074,
 ,80.018,229.447,6.2,p,M,6051.006,41;48,75N209;75N254,
,78.637,270.311,2.5,p,I,6051.108,48;48,75N254;75N299,
Nuon,78.605,336.602,6.5,p,M,6051.818,69,75N338,
Rudneva,78.428,174.723,29.8,p,P,6051.563,37;41,75N164;75N209,
Dashkova,78.237,306.484,45.1,p,P,6053.075,"48;14,69;100",75N299;75N338;75N344,
Gina,78.09,76.536,14.6,p,P,6050.524,"22,69",75N074,
Klenova,78.086,104.488,141,p,B,6051.034,22;30,75N074;75N119,
Tunde,76.792,193.034,16.3,p,M,6051.585,37;41,75N164;75N209,
Fernandez,76.238,17.155,23.7,p,"S,F",6054.299,"16,69,100;14,43;100",75N029;75N338;75N344,"103,"
Deledda,76,127.5,32,p,P,6051.337,,Venera only,
Ulrique,75.902,55.593,19.6,p,P,6051.34,"16,69,100;22,69",75N029;75N074,"103,"
,75.642,242.436,1.7,p,I,6052.34,48,75N254,
Radka,75.608,96.34,10.5,p,P,6051.467,"22,69;30",75N074;75N119,
Valborg,75.512,272.051,20,p,P,6051.638,48,75N254;75N299,
Volkova,75.161,242.173,47.5,p,P,6052.223,48,75N254,
Dickinson,74.613,177.196,67.5,p,P,6051.774,37;41,75N164;75N209,
Sayligul,73.556,172.94,4.3,p,M,6051.731,37,75N164,
Batya,72.748,235.447,9.3,p,I,6051.515,48,75N254,
Grazina,72.448,337.474,16.5,f2,P,6056.286,"14,69;100",75N338;75N344,
Monika,72.289,122.373,25.5,p,P,6051.815,30,75N119,
Miovasu,72.12,99.951,4.5,p,M,6052.011,"22,69;30",75N074;75N119,
Erika,71.984,175.384,10.5,p,I,6051.554,37,75N164,
Wanda,71.244,323.145,21.7,p,P,6054.809,"48;14,69;100",75N299;75N338;75N344,
Faina,71.121,100.727,10,v3,I,6052.938,"22,69;30",75N074;75N119,
Osipenko,71,321,30,*,P,6055.628,,,
Rita,70.97,334.8,8.3,p,Ic,6055.178,"14,69;100",75N338;75N344,
Cotton,70.758,300.197,48.1,p,D,6052.815,48,75N299,
Obukhova,70.724,289.691,46,p,D,6051.934,48,75N299,
La Fayette,70.194,107.614,39.6,p,P,6051.446,30,75N119,
Evangeline,69.619,221.921,16,p,P,6051.311,41,75N209,
Zoya,69.125,236.209,20,p,P,6051.234,48,75N254,
Radmila,69.088,167.041,5.2,p,I,6050.419,37,75N164,
Tolgonay,68.796,271.114,4.6,p,M,6051.66,48,75N254,
Gloria,68.498,94.194,20.7,vs?,P,6052.331,"22,69",75N074,"109,"
Selma,68.485,155.869,11.4,p,Ic,6050.555,37,75N164,
Jadwiga,68.387,91.049,12.7,p,P,6051.878,"22,69",75N074,"109,"
Ivka,68.206,303.831,14.9,p,P,6052.594,48,75N299,
Frida,68.172,55.602,21.6,p,P,6053.685,"22,69",75N074,"109,"
Duncan,68.082,291.697,40.3,p,P,6051.476,48,75N299,
,67.635,157.185,1.5,p,Ic,6050.319,37,75N164,
Natalia,67.077,272.933,10.8,p,"I,P",6051.794,41;47,60N263;60N291,
Magda,67.041,329.675,10.1,p,M,6055.229,"48;14,54,69,113",60N319;60N347,
,66.964,297.17,3.3,p,I,6051.504,48,75N299,
Zhilova,66.349,125.744,53,p,D,6052.448,21,60N125,
Hapei,66.118,177.973,4.2,p,M,6050.741,30,60N180,
Cleopatra,65.815,7.077,105,p,D,6058.02,"12,115;14,54,69,113",60N014;60N347,"108,"
Jex-Blake,65.369,169.276,31.6,p,P,6050.111,31;30,60N153;60N180,
Zdravka,65.064,299.047,12.5,p,I,6051.476,47;48,60N291;60N319,
Zlata,64.63,333.918,7,f1,M,6055.091,"48;14,54,69,113",60N319;60N347,
Tsvetayeva,64.597,147.403,42.9,p,"M,P",6050.872,31,60N153,
Esmeralda,64.435,104.516,9.8,p,M,6052.046,"21,97,89",60N097,
Koidula,64.242,139.575,67,vp,"S,F",6051.906,"21,31","60N125,60N153",
Indira,64.136,289.815,16.6,p,P,6050.96,47,60N291,
Rani,64.095,160.363,10.7,p,"M,P",6049.868,31,60N153,
Sigrid,63.555,314.394,16.1,p,"S,F",6053.97,48,60N319,
Hamuda,62.914,2.567,15.8,f1,P,,115,60N014,
Rafiga,62.891,175.589,5.7,p,S,6050.651,30,60N180,
Baker,62.516,40.318,109,f1,D,6054.17,115,60N042,"108,"
Roptyna,62.171,28.994,11.5,f1?,I,6054.263,"12,115;16,115",60N014;60N042,
Lyudmila,62.128,329.672,14.1,p,S,6054.537,"48;14,54,69,113",60N319;60N347,
Berta,62,322,20,p,*,6054.146,48,60N319,
Outi,61.64,267.684,10.5,p,S,6051.269,41,60N263,
Tamara,61.63,317.315,11.9,f1,S,6054.463,48,60N319,
Akhmatova,61.349,307.885,41.4,f1,D,6051.688,47;48,60N291;60N319,
Barsova,61.346,222.972,76,p,D,6051.417,37,60N208,
Kumudu,61.261,154.09,4.4,p,M,6050.181,31,60N153,
Masha,60.709,88.553,6.4,p,M,6051.486,"21,97,89",60N097,"109,"
Volyana,60.636,359.938,5.3,p,"Ic?,P",6053.015,14,60N347,
,60.412,137.152,1.7,p,M,6051.613,21;31,60N125;60N153,
Ermolova,60.298,154.419,60.9,p,D,6050.479,31,60N153,
Golubkina,60.287,286.472,28.4,p,P,6051.078,47,60N291,
Margit,60.07,273.128,14,p,P,6051.294,41,60N263,
Sandugach,59.9,143.5,10,f1,M,6051.126,31,60N153,
Goppert-Mayer,59.669,26.832,33.5,f1,P,6052.313,"12,115;16,115",60N014;60N042,"116,"
Fedorets,59.667,65.594,57.6,p,P,6051.338,"19,89",60N070,
Montessori,59.418,279.991,42.1,p,P,6051.092,47,60N291,
Hull,59.401,263.553,47.3,p,D,6051.441,41,60N263,
Elizabeth,59.145,215.408,10.5,p,M,6051.628,37;40,60N208;60N236,
Kavtora,59.047,23.329,9.8,p,Ic,6053.745,"12,115",60N014,"116,"
Magnani,58.616,337.208,26.4,p,P,6054.31,"14,54,69,113",60N347,
Yetta,58.562,185.38,9,p,P,6050.979,30,60N180,
Katya,57.802,285.734,10.5,p,P,6051.103,47,60N291,
Kartini,57.793,333.039,23.4,p,I,6052.666,"48;14,54,69,113",60N319;60N347,
,57.788,22.461,1.8,p,M,6053.609,"12,115",60N014,"116,"
Bineta,57.271,144.111,10.7,p,P,6051.387,31,60N153,
Ezraela,57.04,186.764,7.8,p,I,6050.792,30,60N180,
Rossetti,56.962,6.416,23.4,f2,"S,F",6054.791,"12,115",60N014,"116,"
Orlova,56.467,234.973,19.6,f1,P?,6051.623,40,60N236,
Lorelei,55.685,243.956,15,p,M,6050.944,,,
Wharton,55.656,61.898,50.4,vc1,D,6051.403,"19,89",60N070,
Lonsdale,55.602,222.353,43,vm,P,6051.44,37,60N208,
 ,55.1,350.6,4.3,p,M,6051.771,"14,54,69,113",60N347,
,55.008,124.47,3.2,p,M,6051.488,21,60N125,
Wynne,55,53.6,10,f1,I,6052.246,"16,115",60N042,"117,"
Khadako,54.228,139.359,7.4,f1,P,6052.108,21;31,60N125;60N153,
Hayasi,53.766,243.878,43.1,p,D,6051.003,40,60N236,
Ahava,53.564,187.299,10.4,p,M,6050.985,30,60N180,
Unay,53.487,172.671,11.4,p,Ic,6050.848,30,60N180,
Marysya,53.3,75.1,6.3,p,M,6051.249,"19,89",60N070,
Sevigne,52.625,326.474,29.6,p,P,6050.999,48,60N319,
Kelila,52.577,191.753,5,p,M,6051.178,30,60N180,
,52.5,298.8,4,p,M,6050.865,47,60N291,
,52.072,123.21,3.2,p,M,6051.536,"21,97,79",45N117,
Cochran,51.856,143.364,100,p,D,6051.433,21;31,45N138;60N153,
Johnson,51.831,254.617,24.5,p,P,6051.541,40;41,45N244;45N265,
Firuza,51.8,108,6,p,I,6051.016,"20,97,61,114;21,97,79",45N096;45N117,
Undset,51.65,60.8,20,p,P,6051.236,16,45N053;1,
,51.4,7.9,4.4,p,M,6052.008,14,45N011,"116,"
Irinuca,51.4,121.9,8,p,I,6051.812,"21,97,79",45N117,
Dolores,51.4,201.6,12.6,p,P,6051.397,31,45N202,
Olya,51.4,291.8,13.4,p,"S,F",6050.509,47,45N286,
Stefania,51.29,333.313,11.7,p,S,6051.516,"47,60,79",45N329,
Lotta,51.06,335.909,11.8,p,"I,P",6051.434,"47,60,79",45N329,
Julie,50.9,242.6,13.5,p,S,6051.105,40,45N244,
Rampyari,50.6,179.3,7.7,p,I,6050.683,"30,117",45N180,
Bahriyat,50.3,357.5,5,p,M,6051.562,"12,88",45N350,
Lind,50.22,355.027,25.8,p,P,6051.5,"12,88",45N350,
Aftenia,49.991,323.912,7,p,M,6050.538,"60,79",45N329,
Ytunde,49.884,81.126,6.1,p,M,6051.559,"20,113",45N074,
Nana,49.8,75.4,8.7,p,P,6051.342,"20,113",45N074,
Irene,49.8,134,13.6,p,P,6052.024,"21,115",45N138,
Kauffman,49.437,27.112,25.5,p,P,6053.116,"12,54,116",45N032,
Laura,48.911,141.184,17.2,p,"M,P",6051.617,"21,115",45N138,
Zivile,48.845,113.13,13.5,p,S,6051.824,"21,97,79",45N117,
Brooke,48.44,296.604,22.9,p,P,6050.502,47;47,45N286;45N307,
Raymonde,48.369,191.524,5.3,p,I,6051.408,"31;30,117",45N202;45N180,
Nicole,48.359,259.285,6.4,p,I,6050.951,41,45N265,
Conway,48.327,39.014,49.3,vhp1,P,6052.893,"54,116",45N032,"117,"
Yablochkina,48.265,195.31,64.3,p,D,6051.465,31,45N202,
Kemble,47.728,14.927,23.6,f1,P,6051.733,14,45N001,
Galina,47.6,307.1,16.8,p,M,6050.647,47,45N307,"38,"
Deken,47.132,288.482,48,fc,D,6050.508,47,45N286,
,47.1,6.9,4.5,p,S,6052.02,14,45N011,
Cather,47.091,107.029,24.6,vmp1,"M,F",6051.536,"20,97,61,114;21,97,79",45N096;45N117,
,46.957,263.506,2,p,M, ,41,45N265,
Almeida,46.6,123.3,15.5,e,P,6051.898,"21,97,79",45N117,
Jaantje,46.546,123.085,7.8,p,P,6052.06,"21,97,79",45N117,
Valentina,46.384,144.083,24.6,p,P,6051.662,"21,115",45N138,
Jamila,45.841,134.773,7.9,p,M,6051.673,"21,115",45N138,
Terhi,45.713,253.094,10.7,p,M,6051.072,"40,41",45N244;45N265,"36,"
Samantha,45.557,281.676,16.9,p,"Ic,P",6050.511,47,45N286,"37,"
Zvereva,45.357,283.12,22.9,f1,P,6050.516,47,45N286,"37,"
Barto,45.336,146.252,48,p,P,6051.373,"21,115",45N138,
Chubado,45.3,5.6,7,p,I,6051.751,14,45N011,
Gentileschi,45.218,260.645,20.5,p,P,6050.901,41,45N265,"36,"
Lebedeva,45.21,49.776,37.4,vs?,P,6051.405,"60,116",45N053,
Prichard,44.9,11.542,23.3,p,P,6051.318,14,45N011,
Pirkko,44.78,254.58,12.3,p,I,6051.079,41,45N265,"36,"
Tahia,44.3,73.7,6.1,p,M,6050.377,126,45N074,
Anaxandra,44.215,162.264,20.4,p,P,6050.697,"30,99",45N159,
Nadira,44.13,201.526,31.4,fc1,P,6051.25,31,45N202,"34,42N198"
Erkeley,43.968,103.343,8,p,M,6051.599,"20,97,61,114",45N096,
Ariadne,43.942,359.972,23.6,p,P,6051.42,"14;12,88",45N011;45N350,
 ,43.8,290.5,1.4,p,I,6051.102,,,
Namiko,43.4,56.2,13,p,"I,P",6050.837,"16,60,116",45N053,
 ,43.333,67.707,3.4,p,I,6050.665,"20,113",45N074,
Ruth,43.275,19.854,18.5,p,P,6051.365,14,45N011,
,43,150.9,2,p,M,6051.087,"30,99",45N159,
Yerguk,42.749,226.785,6.3,p,S,6052.175,37,45N223,"35,42N222"
,42.7,141.7,3.3,p,M,6051.57,"21,115",45N138,
Pasha,42.7,156.3,7.2,p,S,6050.701,"30,99",45N159,
Veta,42.6,349.5,6.4,p,I,6050.546,"12,88",45N350,"40,"
Polina,42.421,148.162,21.6,p,P,6051.22,"21,115;30,99",45N138;45N159,
Zina,41.946,320.067,9,p,I,6050.843,"60,79",45N329,"39,"
Talvikki,41.9,22,12.6,p,P,6051.61,12,45N032,
Taglioni,41.714,122.578,31,f1,P,6051.343,"21,97,79",45N117,
,41.618,308.284,4.3,p,I,6050.44,47,45N307,"38,"
Daphne,41.3,280.4,15.5,p,"Ic,P?",6051.143,47,45N286,"37,"
Mu Guiying,41.181,81.035,32.3,p,"I,P",6051.636,"20,113",45N074,
Kylli,41.1,67,13.2,p,P,6051.315,"20,113",45N074,
Unitkak,40.8,199.5,8,p,P,6051.357,31,45N202,"34,42N210"
Odarka,40.781,138.198,7,p,M,6051.598,"21,115",45N138,
,40.6,65.3,4,p,S,6050.719,"20,113",45N074,
Avene,40.4,149.4,10,p,Ic,6051.084,"21,115;30,99",45N138;45N159,
Khatun,40.317,87.196,44.1,p,P,6053.335,"20,97,61,114",45N096,
,40.276,105.882,4.4,p,I,6051.723,61,45N096,
Jeanne,40.082,331.527,19.4,p,P,6051.257,"47,60,79",45N329,"39,"
Cholpon,40.035,290.004,6.3,p,S,6051.547,47,45N286,"38,"
Heloise,40,51.9,38,vhp1,M,6051.141,"60,116",45N053,
,39.8,289.8,1.3,p,S,6051.587,,,
,39.564,340,2.3,p,M,,,,
Lena,39.5,23,15.2,p,P,6051.278,"12,54,116",45N032,
Anya,39.5,297.8,18.1,p,P,6051.154,47,45N307,"38,"
Aisha,39.296,53.338,10.6,vhp,I,6051.54,"16,60,116",45N053,
,39.152,53.173,3.8,p,S,,"16,62",45N053,
Lenore,38.691,292.201,15.5,p,P,6051.368,47,45N286,"38,"
,38.659,114.672,4.7,p,S,6050.826,"79,97",45N117,
Sasha,38.343,277.792,4.6,f1,I,,45,F40N279,"45,47"
Datsolalee,38.3,171.8,17.5,p,I,6051.536,"30,117",45N180,"33,42N174"
Aigul,38.2,280.4,6,f2,S,6052.991,"45,47",45N286;40N279,
Inga,38.1,226.6,10,p,I,6052.61,37,45N223,"35,42N222"
Piret,37.794,41.723,27,f1,P,6051.283,"54,116",45N032,
,37.7,350.1,2,p,M,6050.397,"12,88",45N350,"40,"
Bly,37.687,305.543,18.7,p,"M,P",6051.084,47,45N307,"38,"
Stina,37.54,22.841,10.4,p,S,6051.698,"12,112,60;12,54,116",30N027;45N032,
,37.5,350.15,2.7,p,Ic,,,,
de Stael,37.387,324.254,25,p,"M,P",6051.047,"48;2,57,79;60,79",30N315;30N333;45N329,"39,"
Olivia,37.221,207.898,10.2,p,P,6051.668,33,30N207,"34,42N210"
 ,36.7,3.6,3.6,p,M,6050.613,12,30N009,
Wilma,36.7,1.7,12.5,p,I,6050.852,12,30N009,"41,?"
Lida,36.6,273.9,20.3,p,P,6052.515,43,30N279,"37,"
Miriam,36.5,48.2,16.5,p,I,6052.473,"57,113",30N045,"43,?"
Birute,36.079,31.964,22.3,p,P,6051.182,"112,60",30N027,"42,?"
Solace,35.934,317.219,5.3,p,S,,,,
Phaedra,35.868,252.729,15.7,p,P,6051.107,40,30N243;30N261,"36,51"
 ,35.849,164.465,3.5,p,M,6051.087,"31,99",30N171,
,35.84,208.601,3.9,p,I,6051.344,33,30N207,
Voynich,35.365,56.138,48.7,p,P,6051.452,"16,113",30N063,"43,"
Hiromi,35.207,287.302,6,p,S,6053.178,43;47,30N279;30N297,"52,"
Patti,35.017,301.591,47,p,P,6051.935,47,30N297,"53,"
Ugne,34.964,205.826,10.3,p,I,6051.137,33,30N207,"49,"
Irina,34.952,91.162,15.2,p,P,6051.417,"20,115;20,97,61,114",30N081;30N099,"44,"
Zuhrah,34.7,357,5.8,p,M,6050.709,"12,88",30N351,55
Moses,34.619,119.9,28,p,P,6051.091,"21,69",30N117,
Ayisatu,34.6,5.5,7,p,S,6050.667,"12,115",30N009,"41,"
Letitia,34.536,288.655,17.5,p,P,6053.328,"43,47",30N279,"53,"
Merian,34.484,76.279,22.2,p,P,6053.176,"20,115",30N0981,"44,"
Melanka,34.4,19.2,9,p,M,6051.287,"12,112,60",30N027,"41,"
Vassi,34.366,346.495,8.5,p,I,6050.771,"12,88",30N351,55
Sanger,33.772,288.563,83.6,f1,D,6053.534,47,30N297,"53,"
Uleken,33.7,185.1,10.9,p,M,6050.973,31,30N189,"48,"
Wazata,33.6,298.3,13.9,p,I,6051.747,47,30N297,"53,"
Noreen,33.573,22.697,18.6,p,P,6051.891,"12,112,60",30N027,"41,"
Sanija,33.064,250.994,18,p,P,6050.997,40,30N243,"51,"
Al-Taymuriyya,32.855,336.149,19,p,P,6051.385,"2,57,79",30N333,55
Yambika,32.6,208.7,6.5,p,P,6051.662,33,30N207,"49,"
Fazu,32.408,106.052,6.1,p,I,6050.73,61,30N099,
Edgeworth,32.205,22.757,29,p,P,6051.636,"12,112,60",30N027,"41,"
Defa,32.2,11.3,8.5,p,I,6051.059,"12,115",30N009,"41,"
Zumrad,32.08,94.791,12.9,p,P,6051.855,"20,97,61,114",30N099,"44,"
,31.643,324.326,2.5,p,S,6050.997,"57,79",30N333,"54,"
Potanina,31.625,53.087,94.2,p,B,6051.895,57;113,30N045;30N063,"43,"
Bernhardt,31.562,84.419,25.3,p,*,6052.443,115,30N081,"44,"
Tsetsa,31.326,317.722,9.9,p,I,6050.925,48,30N315,"54,"
Udyaka,30.9,172.9,7.7,p,M,6051.433,"31,99",30N171,"48,"
Akiko,30.6,187.3,17.4,p,P,6052.133,"31,",30N189,"48,"
Mumtaz-Mahal,30.288,228.435,38.2,f1,P,6051.909,34,30N225,"50,"
Liliya,30.2,31.1,15,p,I,6051.782,"112,60",30N027,"42,"
Nalkuta,30.1,307.8,6.5,p,Ic,6051.151,48,30N315,"53,"
Regina,30,147.265,24.9,p,P,6051.419,"22,116",30N153,
MacDonald,29.992,120.716,17.6,p,Ic,6051.656,"21,69",30N117,
Balch,29.903,282.906,40,f3,P,6054.423,43,30N279,"52,"
Oshalche,29.7,155.5,8.3,p,M,6050.788,"22,116",30N153,
,29.606,135.42,2,p,I,6051.113,"30,114",30N135,
Mukhina,29.527,0.54,24.5,p,P,6051.873,"12,115;12,88",30N009;30N351,"41,"
Frosya,29.491,113.367,9.8,p,I,6050.862,"21,69",30N117,
,29,181.9,4.5,p,M,6051.915,31,30N189,"48,"
Truth,28.676,287.75,47.3,p,P,6053.873,"43,47",30N279,"52,"
Tseraskaya,28.635,79.248,30.3,p,P,6051.675,"20,115",30N081,"44,"
Dafina,28.624,244.146,5.5,p,I,6051.589,40,30N243,"51,"
Halima,28.483,14.603,8.9,p,I,6051.254,"12,115",30N009,"41,"
Vlasta,28.413,250.079,10.7,p,S,6052.008,40,30N243,"51,"
Christie,28.309,72.672,23.3,p,P,6050.565,"16,113;20,115",30N063;30N081,"44,"
Browning,28.279,4.94,23.4,p,P,6051.222,"12,115",30N009,"41,"
Loan,28.26,60.02,7.4,p,M,6051.508,"16,113",30N063,
Saida,28.2,302,9.5,p,Ic,6052.14,47,30N297,"53,"
Nalkowska,28.142,289.953,22.2,p,P,6053.007,47,30N297,"53,"
Antonina,28.115,106.843,13.8,p,P,6050.657,61,30N099,
Iraida,27.8,108.1,6.5,p,I,6050.605,61,30N099,
Raisa,27.5,280.3,13.5,vh,"S,F",6054.604,43,30N279,"52,"
,27.47,86.04,2.9,p,I,6051.545,"20,115",30N081,"44,"
Nutsa,27.469,341.793,8,f1,I,6051.837,"2,57,79;12,88",30N333;30N351,
Barton,27.44,337.494,52.2,p,D,6051.234,"2,57,79",30N333,55
Yeska,27.4,230.1,9.1,p,Ic,6051.803,34,30N225,"50,"
,27.3,277,3,p,Ic,6053.871,43,30N279,"52,"
Degu,27.3,289.8,5.5,p,M,6053.296,47,30N297,"53,"
Lachappelle,26.719,336.702,36.8,p,P,6051.51,"2,57,79",30N333,55
Kafutchi,26.7,16.4,7.1,p,M,6051.496,"12,115",30N009,"41,"
Bachira,26.5,10,7.3,p,I,6050.925,"12,115",30N009,
Roxanna,26.5,334.6,9.5,p,I,6051.048,"2,57,79",30N333,"54,"
Ferber,26.374,12.945,23.1,p,P,6051.07,"12,115",30N009,"41,"
Gautier,26.341,42.819,59.3,vh,"S,F",6051.205,"57,113",30N045,"42,"
Vallija,26.334,120,15.2,p,I,6050.925,"21,69",30N117,
Kumba,26.3,332.7,11.4,p,I,6051.167,"2,57,79",30N333,"54,"
Olga,26.1,283.8,15.5,f2,P,6055.185,43,30N279,"52,"
West,26.072,302.959,28.8,vm1,P,6052.217,47,30N297,"53,"
Bakisat,26,356.8,7.4,p,Ic,6052.46,"12,88",30N351,
Nijinskaya,25.791,122.517,36.2,p,P,6051.13,"21,69",30N117,
Mona Lisa,25.614,25.148,79.4,p,B,6051.544,"12,112,60",30N027,"42,"
Manzolini,25.613,91.347,41.8,p,"Ic,P",6051.868,"20,97,61,114",30N099,"44,"
Lilian,25.6,336,13.5,p,M,6051.278,"2,57,79",30N333,"54,30N330"
Cori,25.438,72.853,56.1,p,D,6050.763,113;20,30N063;30N081,"44,"
Kollwitz,25.175,133.615,29.1,p,P,6051.086,"30,114",30N135,
Tako,25.107,285.274,10.7,p,S?,6054.77,43,30N279,"52,"
O'Keeffe,24.512,228.776,76.9,vs?,"D,F",6052.333,34,30N225,"50,"
Millay,24.43,111.223,48,f1,P,6051.466,"21,69",30N117,
Boleyn,24.415,220.05,70.4,f1,D,6052.227,34,30N225,"50,"
Ul'yana,24.3,253,12.5,p,S,6051.52,40,"30N243,30N261","51,"
Mbul'di,23.8,74.7,6,p,I,6050.635,"20,115",30N081,"59,"
Audrey,23.8,348.1,15.2,p,S,6052.169,"12,88",30N351,70
Li Qingzhao,23.737,94.636,22.8,p,P,6051.642,"20,97,61,114",30N099,"59,"
Caldwell,23.628,112.421,51,p,D,6051.602,"21,69",30N117,
Tubman,23.626,204.568,42.9,f2,P,6051.811,33,30N207,"64,"
Heidi,23.6,350.1,15.2,vh,M,6052.058,"12,88",30N351,70
Qulzhan,23.5,165.4,7.9,p,M,6051.366,"31,99",30N171,
Horner,23.415,97.747,25.2,p,P,6051.271,"20,97,61,114",30N099,
Maria Celeste,23.393,140.38,97.5,p,D,6051.557,"30,114",30N135,
Romanskaya,23.221,178.441,30.4,vs2?,D,6051.659,"31,99",30N171,"63,"
Lullin,23.04,81.274,25.1,p,P,6051.846,20,30N081,"59,"
Greenaway,22.898,145.059,93,p,D,6051.279,"22,116","30N153,15N146",
Corinna,22.8,40.6,19.2,p,P,6051.545,"57,113",30N045,"57,"
Madina,22.729,58.053,6.3,p,I,6051.216,"16,113",30N063,"58,"
Ayashe,22.7,31.4,6.7,vs,I,6051.318,"112,60",30N027,"57,"
,22.6,94.1,3,p,I,6051.398,"20,97,61,114",30N099,"59,"
Reiko,22.6,192.1,9.7,p,S,6052.233,31,30N189,"64,"
Wendla,22.52,207.628,5.7,p,S,6051.814,33,30N207,"64,"
Annia Faustina,22.075,4.705,23.4,p,P,6051.811,"14,116",15N009,"56,"
Karo,21.9,37.2,7,p,S,6051.962,57,15N043,"57,"
Tussaud,21.726,220.957,16,p,I,6051.608,34,15N215,"65,"
du Chatelet,21.5,165,18.5,p,*,6051.655,31,15N163,
Callirhoe,21.229,140.685,33.8,p,P,6051.477,"22,116",15N146,
Tekarohi,21.223,76.483,9.3,p,P,6051.697,"19,78,113",15N077,"59,"
Yazruk,21.193,160.223,10.4,p,M,6051.04,"31,99",15N163,
Bourke-White,21.167,147.931,33.6,p,P,6050.771,"22,116",15N146,
Kiris,20.9,98.8,13.3,p,S,6051.59,"19,112,89,115",15N095,
Puhioia,20.6,69.4,5.5,p,M,6051.06,"16,114;19",15N060;15N077,"58,"
,20.6,245.638,17.9,p,M,,41,15N249,
Gulchatay,20.55,295.5,9,vm?,M,6052.034,47,15N300,68
Parra,20.49,78.481,42.4,p,P,6052.251,"19,78,113",15N077,"59,"
de Lalande,20.455,354.993,21.3,p,P,6052.958,"2,88",15N352,70
Veriko,20.4,350.1,5.2,p,M,6052.255,"2,88",15N352,70
Aurelia,20.262,331.812,31.1,p,P,6050.54,"2,57,89,100",15N335,114
Sheila,19.957,50.206,5.6,p,S,6051.778,"57,113",15N043,"58,"
Marere,19.561,65.778,6.3,p,Ic,6051.111,"16,92,114",15N060,"58,"
Johanna,19.5,247.3,15.1,p,I,6051.433,41,15N249,"66,"
Esther,19.369,21.812,17.6,p,I,6051.773,"12,112,115",15N026,"56,"
Weil,19.359,283.127,24.2,p,P,6054.8,43,15N283,

Centlivre,19.069,290.397,28.8,p,P,6052.313,43,15N283,68
Himiko,18.992,124.256,36.6,p,P,6051.46,20,15N129,
Faufau,18.756,8.335,7.8,p,S,6051.289,"14,116",15N009,"56,"
Shih Mai-Yu,18.432,318.919,22.3,p,P,6051.135,"48,99",15N317,114
Domnika,18.4,294.3,6.7,p,I,6052.032,47,15N300,68
Zulfiya,18.4,101.9,12.9,p,Sc?,6051.698,"19,112,89,115",15N095,
Olesnicka,18.306,210.9,33,vh2,P,6052.862,34,15N215,"64,"
Escoda,18.178,149.469,19.6,p,"S,F",6051.158,"22,116",15N146,
Seymour,18.16,326.482,63,p,D,6051.006,"48,99;2,57,89,100",15N317;15N335,69
Baranamtarra,17.944,267.801,25.5,vh3,P,6053.137,41,15N266,
Hannah,17.9,102.6,19.8,p,P,6051.5,"19,112,89,115;20,97,61",15N095;15N112,
Montez,17.9,266.5,21.1,p,P,6053.342,41,15N266,
Gaze,17.888,240.216,33.3,f2,P,6051.477,37;249,15N232;15N249,"66,"
Vard,17.516,314.542,6.1,vm,P,6051.246,"48,99",15N317,69
Caccini,17.427,170.435,38.1,p,P,6051.476,"31,99",15N163,"63,"
Wilder,17.39,122.559,35.1,p,P,6052.26,"20,112",15N129,
Vigier Lebrun,17.311,141.382,57.8,p,D,6051.291,"22,116",15N146,
Mosaido,17.3,75.2,7.4,p,S,6051.488,"19,78,113",15N077,"59,"
Grimke,17.237,215.34,34.8,f2,P,6051.942,34,15N215,"64,"
Ban Zhao,17.143,146.962,39,p,P,6050.789,"22,116",15N146,
Nyal'ga,17.039,64.521,5.5,p,I,6051.459,"16,92,114",15N060,"58,"
Zarema,16.8,235.25,5,p,M,6053.332,37,15N232,"65,"
Neda,16.708,313.515,7.7,p,Sc,6051.372,48,15N317,69
Sitwell,16.635,190.402,32.8,p,P,6053.459,33,15N197,"63,"
Wheatley,16.617,268.033,74.8,f1,D,6052.351,41,15N226,
Barrera,16.564,109.419,27,p,P,6051.592,"20,97,61",15N112,
Bradstreet,16.512,47.693,36,p,P,6052.613,"57,113",15N043,"57,"
Vasilutsa,16.5,334.4,5.7,p,I,6050.524,"2,57,89,100",15N335,69
Enid,16.4,352.1,9.2,p,Ic,6051.977,"2,88",15N352,70
Aimee,16.1,127.2,17,p,P,6051.13,"20,112",15N129,
Ninzi,15.9,331.7,7.1,p,Ic,6050.484,"2,57,89,100",15N335,69
Ferrier,15.742,111.317,29.1,p,P,6051.852,"20,97,61",15N112,
Jasmin,15.6,61.57,15.6,vh2,P,,114,15N060,
Afua,15.5,124,10,p,M,6051.246,"20,112",15N129,
Devorguilla,15.336,3.987,22.9,p,P,6052.155,"14,116",15N009,"56,"
Hiriata,15.272,23.473,5,p,S,6051.564,"12,112,115",15N026,"56,"
Batten,15.2,217.4,65,vp2,D,,34,15N215,
,15.11,116.769,4.5,p,I,6051.621,"20,97,61",15N112,
Amenardes,15.014,54.316,27.9,p,P,6051.531,"16,89,92,114",15N060,"58,"
Huarei,15,32.3,8.5,p,M,6051.414,115,15N026,"57,"
Anush,14.9,86.5,12.7,f1,P,6051.887,"19,112,89,115",15N095,"59,"
Bashkirtseff,14.678,194.043,36.2,vm1,P,6053.483,33,15N197,"64,"
Konopnicka,14.5,166.6,20.1,p,P,6051.71,"31,99",15N163,
Cunitz,14.479,350.924,48.6,p,D,6051.207,"2,88",15N352,70
Riley,14.054,72.475,20.2,p,P,6051.813,"19,78,113",15N077,
Xi Wang,14,208,8.7,p,I,6052.209,34,15N215,"64,"
,13.97,191.64,1.5,p,M,6053.399,33,15N197,"63,"
Kaisa,13.496,293.286,12,p,P,6051.683,47,15N300,68
Sidney,13.385,199.617,20.2,p,P,6053.637,33,15N197,"64,"
,13.314,123.454,1.9,p,S,6050.97,,,
,13.3,112.8,4.2,p,I,6051.281,"97,61",15N112,
Ualinka,13.248,168.578,8.1,p,Sc,6052.024,"31,99",15N163,"63,"
Wang Zhenyi,13.24,217.778,23.4,f1,P,6052.353,34,15N215,"65,"
Agoe,13.118,4.25,6.3,p,I,6051.621,"14,116",15N009,"56,"
Beecher,13.04,253.439,40.4,p,P,6050.871,41,15N249,"66,"
Adzoba,12.8,117,10,p,M,6051.396,"20,97,61",15N112,
Margarita,12.7,9.2,13,p,P,6050.968,"14,116",15N009,"56,"
Mead,12.485,57.215,270,vs1,B,6051.582,"16,89,92,114",15N060,"58,"
Helvi,12.458,82.663,12.2,p,I/S,6052.022,"78,19,113",15N077,"59,"
Neeltje,12.403,124.455,10,p,?,6051.236,"20,112",15N129,
de Ayala,12.35,31.92,19,p,P,6051.667,58,F10N031,"57,"
Phyllis,12.275,132.381,11.4,p,P,6051.816,"20,112",15N129,
 ,11.962,132.326,3.9,p,I,6051.573,"20,112",15N129,
Yemysh,11.9,214.7,6,p,"M,P",6051.813,34,15N215,"64,?"
Oksana,11.9,352,7.7,p,I,6051.258,"2,88",15N352,
Festa,11.478,27.245,35.3,f1,P,6051.621,"12,112,115",15N026,"72,"
Rhoda,11.4,347.7,12.2,p,P,6050.84,"2,88",15N352,
Merit Ptah,11.4,115.6,16.5,p,I,6051.086,61,15N112,
Amaya,11.318,89.383,34.5,p,P,6052.632,"19,112,89,115",15N095,"74,"
Blackburne,11.009,183.895,30.5,p,P,6053.587,"30,99",15N180,
Pamela,11,238.5,14.2,f1,S,6051.989,37,15N232,"80,"
Olena,10.9,149,7,p,I,6051.437,"22,116",15N146,
Udagan,10.7,206.9,11.5,p,I,6052.098,34,15N215,"79,"
Lydia,10.7,340.7,15.2,p,I,6050.403,"2,57,89,100",15N335,
Barauka,10.6,346.3,12.9,p,I,6050.64,2,15N352,
Gudrun,10.587,326.415,13.3,p,P,6051.21,"57,89,100",15N335,
Iondra,10.5,286.5,7.9,p,"I,P",6051.696,43,15N283,"82,"
Rowena,10.4,171.4,19.5,p,P,6051.525,"31,99",15N163,"78,"
 ,10.372,136.541,4.1,p,I,6051.522,"20,112",15N129,
Rosa  Bonheur,9.733,288.784,104,f2,D,6051.813,43,15N283,83
Gwynn,9.712,37.205,32,p,P,6051.933,"57,113",15N043,"72,"
Tinyl,9.691,132.101,12.8,f1,P,6051.346,"20,112",15N129,
Suliko,9.64,214.62,14.9,f3,P,6051.435,34,15N215,"79,"
Zamudio,9.601,189.31,19,vh1,"S,F",6053.442,33,15N197,"78,"
Akuba,9.6,23,5.5,p,S,6051.706,"12,112,115",15N026,"71,"
Manton,9.313,26.873,20.5,p,P,6051.697,"12,112,115",15N026,"72,"
Romola,9.31,54.25,17.5,vh,P,,,,
Marianne,9.3,358,9,p,M,6051.04,"2,88",15N352,
Adivar,8.905,76.201,30.3,p,P,6051.824,"19,78,113",15N077,"74,"
Aita,8.9,270.7,14,p,P,6051.125,41,15N266,"82,"
Kelea,8.888,25.585,24.5,p,"I,P",6051.6,"12,112,115",15N026,"72,"
,8.57,280.367,3.3,p,S,6051.153,43,15N283,"82,"
Rhys,8.57,298.792,44,p,P,6051.757,47,15N300,
,8.54,132.37,4,p,I,6051.754,"20,112",15N129,
,8.3,267.7,3.5,p,S,6051.178,41,15N266,
Higgins,8.076,241.319,40,f3,M,6051.363,41,15N249,"81,"
,8.05,148,3.5,p,M,6051.726,22,15N146,
Akeley,8.022,244.547,23.4,p,P,6051.129,41,15N249,"81,"
 ,7.961,74.182,4.3,p,Ic,6051.893,"19,78,113",15N077,"74,"
Kuro,7.846,57.608,8.8,p,M,6051.654,"16,89,92,114",15N060,"73,"
Yolanda,7.8,152.7,11.4,p,P,6051.721,"22,116",15N146,
Nadine,7.8,359.1,18.6,p,P,6051.119,"2,88",15N352,
Ortensia,7.6,155.7,7,p,I,6051.818,31,15N163,
Yvette,7.453,249.589,10.6,p,P,6051.006,41,15N249,"81,"
Zula,7.272,282.049,5,p,M,6051.248,"43,88",00N283,"82,"
Potter,7.173,309.121,46.9,vm1,P,6051.812,48;99,00N317;15N317,83
Gregory,7.134,95.842,18,f1?,I,6052.684,"19,112,89,116",00N095,"74,"
Caroline,6.9,306.3,18,p,P,6051.56,"47,88",00N300,83
Nsele,6.7,64.2,5.1,p,M,6053.679,"14,57,60,113",00N060,"73,"
,6.678,298.279,1.5,p,I,6052.424,,,
Icheko,6.6,97.9,5.9,f1,P,6053.738,"19,112,89,116",00N095,
Aminata,6.6,25.2,9.7,p,S,6051.551,"12,112,114",00N026,"72,"
Chapelle,6.427,103.793,22,p,P,6051.968,"19,96,88,85",00N112,
,6.41,272.2,4.5,p,I,6051.516,41,00N266,"82,"
 ,6.35,83.35,4.6,p,I,6052.039,"16,79,114",00N077,"74,"
Clio,6.3,333.5,11.4,p,Sc,6051.022,"2,100",00N335,
Hwangcini,6.297,141.753,30.2,p,P,6052.095,"22,61,114",00N146,
Abra,6.233,97.388,7.2,f2,Sc,,15,"05N099,301",
Quslu,6.231,166.789,8.7,p,P,6051.295,"31,89,116",00N163,
,6.224,282.634,4.5,p,M,6051.388,"43,88",00N283,"82,"
Susanna,6.022,93.31,13.3,p,I,6053.505,"19,112,89,116",00N095,"74,"
Naomi,6.018,70.261,17.5,f1,S,6053.377,"16,79,114",00N077,"73,"
Ngone,6,331.9,12.2,p,P,6051.183,"2,100",00N335,
Khafiza,5.973,299.173,7,p,M,6052.614,"47,88",00N300,83
Nemcova,5.898,125.146,22.9,p,P,6052.486,"19,112",00N129,
,5.76,84.3,4.9,p,M,6052.193,"16,79,114",00N077,"74,"
Olesya,5.632,273.26,12,p,P,6051.658,41,00N266,"82,"
Joshee,5.48,288.716,37,vh3,"S,F",6052.487,43,00N283,83
Surija,5.3,178.2,15.3,p,P,6051.372,"30,88,117",00N180,"78,"
Carter,5.3,67.3,17.5,p,I,6054.13,"14,57,60,113",00N060,"73,"
Hepworth,5.133,94.654,62.6,p,D,6054.752,"19,112,89,116",00N095,"74,"
Dyasya,5.082,297.658,7.8,p,S,6052.324,"47,88",00N300,83
,4.969,166.64,3.5,p,M,6051.453,"31,89,116",00N163,
Faiga,4.9,170.9,9.6,p,I,6051.604,"31,89,116",00N163,"78,"
Maranda,4.882,169.744,16.8,p,P,6051.426,"31,89,116",00N163,"78,"
,4.867,321.962,2,p,M,,100,00N317,
Farida,4.8,38.9,18,p,P,6051.942,57,00N043,"72,"
Hellman,4.747,356.265,34.7,p,P,6051.087,2,00N352,
Melba,4.707,193.457,21.8,vs,P,6052.792,"33,88",00N197,"79,"
,4.603,241.401,4.4,p,I,6051.278,40,00N249,"81,"
,4.345,274.592,4.5,p,S,6051.447,"41;43,88",00N266;00N283,"82,"
Afiruwa,4.3,3.8,5.2,p,M,6052.04,"14,114",00N009,"71,"
Boivin,4.281,299.506,20.4,p,"I,P",6052.205,"47,88",00N300,83
Ketzia,3.979,300.498,14.6,vs,P,6052.067,"47,88",00N300,83
Asmik,3.94,166.434,19.5,p,P,6051.664,"31,89,116",00N163,
Orczy,3.696,52.31,26.9,p,P,6051.654,"57,60,113",00N060,"73,"
Castro,3.359,233.93,22.9,f1,P,6051.155,34,00N232,"80,"
Winema,3.05,168.59,21.7,p,I,6051.805,"31,89,116",00N163,"78,"
Shakira,3.048,213.636,17.6,p,I,6051.809,"33,88",00N215,"79,"
,2.92,5.04,7.9,p,M,,,,
Pat,2.913,262.634,10.1,p,M,6051.651,41,00N266,"81,"
Tsiala,2.9,100,16.5,p,P,6055.226,"19,112,89,116",00N095,
Varya,2.762,211.808,14.3,p,I,6050.43,"33,88",00N215,"79,"
,2.647,50.425,4.6,p,M,6051.583,57,00N043,"73,"
Richards,2.509,196.07,25,vh,P,6054.792,"33,88",00N197,"79,"
Callas,2.44,27.026,33.8,p,P,6050.915,"12,112,114",00N026,"72,"
Ogulbek,2.395,145.099,6.5,p,M,6052.109,"22,61,114",00N146,
Uvaysi,2.344,198.254,38.9,p,P,6055.791,"33,88",00N197,"79,"
,2.336,262.76,2.8,p,I,6051.576,41,00N266,"81,"
Doris,2.3,90,14.5,f2,S,6055.265,"19,112,89,116",00N095,"74,"
Yakyt,2.1,170.2,13.8,f1,P,6052.061,"31,89,116",00N163,"78,"
Fossey,2.016,188.722,30.4,p,P,6052.622,"30,88,117;33,88",00N180;00N197,"78,"
,2,256.2,4.3,vm,M,6051.115,40,00N249,
de Beauvoir,1.953,96.137,52.5,p,D,6055.426,"19,112,89,116",00N095,
Lyuba,1.646,283.881,12.4,p,S,6052.018,"43,88",00N283,"82,"
Piscopia,1.502,190.909,26.2,vs1?,P,6053.048,"33,88",00N197,"78,"
Kala,1.486,314.435,17.4,vs1?,P,6051.775,"48,88,100",00N317,
Altana,1.443,69.866,6,p,S,6053.56,"16,79,114",00N077,"73,"
Comnena,1.2,343.7,19.5,p,P,6051.1,2,00N352,
Mirabeau,1.141,284.311,23.8,p,P,6052.092,"43,88",00N283,"82,"
Estelle,1.1,93.7,18.8,p,P,6055.763,"19,112,89,116",00N095,"74,"
Leyster,0.96,260.043,45.8,p,D,6051.024,41,00N266,"81,"
Kodu,0.9,338.7,10.5,p,I,6050.676,"2,100",00N335,
Piaf,0.785,5.302,39.1,f1,P,6051.121,"14,114",00N009,"71,"
Toklas,0.719,273.091,17.5,p,"S,F",6051.597,41,00N266,"82,"
Budevska,0.544,143.167,18,p,P,6052.264,"22,61,114",00N146,
Corpman,0.325,151.84,46,f1,D,6052.329,"61,114",00N146,
Jutta,0.007,142.662,7,p,M,6052.445,"22,61,114",00N146,
Parishan,-0.2,146.5,6.8,p,I,6052.226,"22,61,114",00N146,
Fava,-0.772,87.379,9.7,p,I,6055.202,"19,112,88,85",00N095,"89,"
Paige,-1.2,24.6,6.8,p,S?,6051.158,"12,112,114",00N026,"87,"
Patimat,-1.261,156.545,5.1,p,M,6051.87,"31,89,116",00N163,
Sullivan,-1.39,110.873,32,p,P,6052.738,"19,96,88,85",00N112,"90,"
Khelifa,-1.524,129.853,10.8,f1,S,6054.539,"19,112",00N129,
Joliot-Curie,-1.582,62.402,91.1,p,D,6051.76,"14,113",00N060,"88,"
Taira,-1.6,296.8,19.6,p,P,6052.697,"47,88",00N300,
Mahina,-2,182.2,15.4,p,P,6051.689,"30,88,117",00N180,"93,"
Janina,-2.031,135.669,9.3,p,I,6053.297,"19,112",00N129,
,-2.08,10.258,1.8,p,M,,14,00N009,
Zeinab,-2.24,159.685,12.5,p,P,6051.352,"31,89,116",00N163,
Alma,-2.389,228.789,16.8,p,P,6052.252,34,00N232,"95,"
Chechek,-2.6,272.3,7.2,f1,I,6053.354,41,00N266,
,-2.92,344.61,3.7,p,I,,,,
Andreianova,-2.974,68.764,66.1,p,D,6052.877,"14,57,60,113;16,79,114",00N060;00N077,"88,"
,-3.1,169,3.7,p,I,6051.564,"31,89,116",00N163,"93,"
Zija,-3.476,265.019,16.8,p,"M,P",6051.623,41,00N266,"97,"
Makola,-3.787,106.664,16.6,f1,"S,F",6054.364,96,00N112,"90,"
Carreno,-3.853,16.077,57,p,P,6050.784,114,00N028;00N009,"86,"
Nin,-3.932,266.432,27.1,p,P,6052.542,41,00N266,"97,"
Alison,-3.957,165.638,14.4,p,P,6051.43,"31,89,116",00N163,
Markham,-4.133,155.596,71.8,p,D,6051.955,"31,89,116",00N163,
,-4.162,286.289,7.5,f2,P,,"43,70",00N283,
Lara,-4.256,2.917,3.4,p,I,6050.869,14,00N009,
Jennifer,-4.6,99.8,9.6,p,Sc,6055.467,"19,112,89,116",00N095,"90,"
Madeleine,-4.744,293.217,16,p,P,6051.899,"47,88",00N300,
Kelly,-4.8,359.2,11.2,p,M,6051.234,2,00N352,
Wen Shu,-4.982,303.676,31.5,p,P,6051.869,88,00N300,
de Beausoleil,-4.985,102.85,28.2,p,P,6054.96,"19,112,89,116",00N095,"90,"
Salika,-4.992,97.701,12.5,p,Sc,6055.966,"19,112,89,116",00N095,"90,"
Lineta,-5,354.1,15.6,p,I,6051.513,2,00N352,
von Schuurman,-5.021,191.003,29.1,p,P,6053.59,"33,88",00N197,"93,"
Virve,-5.063,346.89,18,p,P,6051.139,2,00N352,
Evika,-5.1,31.4,20.3,p,P,6052.245,"12,112,114",00N026,
Noriko,-5.3,358.3,7.5,p,P,6051.366,2,00N352,
Quimby,-5.675,76.707,23.2,vmp?,P,6054.441,79,00N077,"89,"
Yoko,-5.7,232,5,p,I,6051.991,34,00N232,"95,"
Buck,-5.742,349.602,21.8,p,P,6051.063,2,00N352,
Sabira,-5.752,239.861,15.7,p,"S,F",6051.104,34,00N232,"95,"
,-5.956,46.605,3,p,I,6052.781,57,00N043,"87,"
Vanessa,-5.971,1.892,10,p,I,6051.565,14,00N009,"86,"
Graham,-6,6,75,vs?,Ic,6051.017,14,00N009,"86,"
Whiting,-6.06,127.986,35.7,p,D,6054.262,"19,112",00N129,
Kyen,-6.186,64.74,5.2,f1,M,6052.69,123,F05S065,
Bonnin,-6.264,117.58,28.5,p,"I,F",6054.912,88,00N112,"90,"
Valerie,-6.378,30.949,13.6,p,P,6051.397,"12,112,114",00N026,"87,"
,-6.4,274.1,2.9,p,M,6052.269,41,00N266,"97,"
De Witt,-6.527,275.624,20.7,p,P,6052.509,"43,88",00N283,"97,"
Gilmore,-6.673,132.75,21.3,f2,P,6055.401,"19,112",00N129,
Heather,-6.8,334.1,11.5,p,M,6051.616,"2,100",00N335,
Vashti,-6.8,43.7,17,p,P,6052.225,57,00N043,"87,"
Chloe,-7.363,98.582,18.6,p,P,6056.115,"19,112,89,116;19,97,90,117",00N095;15S095,"90,"
Zulma,-7.68,102,11,f1,I,6055.182,"19,97,90,117",15S095,"90,"
Tiffany,-8.687,22.885,7,p,I,6051.132,"12,97,90,115",15S026,"86,"
Nedko,-8.77,317.62,8.5,p,P,6051.017,"48,89,100",15S317,
Rae,-8.897,58.376,5.5,p,P,6052.578,"16,57,60,113",15S060,"88,"
Isako,-8.981,277.959,13.5,f2,P,6052.921,41,15S283,"97,"
Urazbike,-9.007,202.48,7,p,Ic,6052.778,"33,90",15S197,"94,"
Taussig,-9.228,229.02,25.8,p,P,6052.026,"34,79",15S232,"95,"
,-9.3,157,12.3,p,I,6053.135,"30,90,117",15S163,
Boye,-9.641,292.259,28,p,P,6051.857,"47,89",15S300,
Storni,-9.752,245.578,21.7,p,M,6051.443,40,15S249,"96,"
Temou,-10.034,83.365,9.3,f1,Ic,6055.479,"19,78,114",15S077,"89,"
Elma,-10.1,91.1,10.2,f1,I,6054.61,"19,97,90,117",15S095,"89,"
,-10.2,327.6,3,p,M,6051.586,100,15S335,
Bascom,-10.398,302.151,34.6,vs1,D,6052.443,"47,89",15S300,
,-10.4,248.36,3.5,p,I,6052.086,40,15S249,"96,"
Helga,-10.413,116.705,8.8,p,I,6054.349,79,15S112,"90,"
von Suttner,-10.636,234.938,24,p,P,6051.762,34,15S232,"95,"
Safarmo,-10.8,161.4,7.4,p,M,6052.124,"30,90,117",15S163,
Xantippe,-10.862,11.751,40.4,p,P,6051.499,"14,115",15S009,"71,"
,-10.88,173.68,2.5,p,S,6054.538,,,
Leslie,-11.2,13.5,7.2,p,I,6051.699,"14,115",15S009,"101,"
Magdalena,-11.244,48.708,11.5,p,I,6051.73,57,15S043,"88,"
Cortese,-11.359,218.394,27.7,f1,P,6052.403,"33,89",15S215,"95,"
Amalasthuna,-11.5,342.4,15.4,p,P,6051.299,"2,100",15S335,
Martinez,-11.678,174.747,23.5,f2,P,6052.728,"30,90,99",15S180,"93,"
Warren,-11.723,176.528,50.9,f1,P,6052.991,"30,90,99",15S180,"93,"
Giselle,-11.804,298.027,10.4,p,M,6052.642,"47,89",15S300,
,-11.81,302.78,2.3,p,I,,,,
Rebecca,-12.1,5.4,9.5,p,P,6051.618,"14,115",15S009,"86,?"
Teura,-12.315,90.16,9.3,p,P,6054.462,"19,97,90,117",15S095,"89,104"
Izakay,-12.337,210.853,10.2,p,S,6052.056,"33,89",15S215,"109,"
Caiwenji,-12.362,287.61,22.6,p,P,6052.024,41,15S283,"112,"
Linda,-12.4,2.8,7.1,p,M,6051.55,"14,115",15S009,"101,"
Karen,-12.4,17.7,10.5,p,P,6051.211,12,15S026,"101,"
Ilga,-12.403,307.345,10.8,p,I,6052.382,"47,89",15S300,
Ingrid,-12.437,308.862,11.5,f2,M,6052.17,"47,89;48,89,100",15S300;15S317,
Recamier,-12.569,58.114,25.3,p,P,6053.156,"16,57,60,113",15S060,"103,"
Zurka,-12.8,275.2,5.5,f1,I,6053.012,41,15S283,"112,"
Workman,-12.888,299.906,17.4,p,P,6052.288,"47,89",15S300,
Bender,-12.962,327.35,39.8,p,I,6051.451,100,15S335,
Thomas,-13.016,272.539,25.2,p,P,6052.396,41,15S266,"112,"
,-13.06,19.49,1.5,p,M,,12,,
Frank,-13.138,12.914,22.7,p,P,6051.307,"14,115",15S009,"101,"
Yale,-13.4,271.2,18.5,p,P,6051.881,41,15S266,"112,"
Emma,-13.738,302.278,11.8,f1,S,6052.302,"47,89",15S300,
Grace,-13.8,268.9,19,p,I,6051.722,41,15S266,"112,"
Yonge,-13.99,115.072,42.8,p,P,6054.276,"20,79,115",15S112,"105,"
Dado,-13.998,87.651,11.2,p,I,6053.081,"19,97,90,117",15S095,"104,"
Tsyrma,-14.128,318.479,7.8,p,S,6051.113,"89,100",15S317,
Meredith,-14.518,278.887,11.4,p,Ic,6052.778,41,15S283,"112,"
Mowatt,-14.576,292.298,38.4,f1,P,6052.045,"47,89",15S300,
Maa-Ling,-14.7,359.5,6,p,Sc,6051.087,2,15S352,
,-14.742,184.032,4.7,p,I,6053.714,"30,90,99",15S180,
Adamson,-14.806,29.635,27.2,p,P,6051.546,"12,97,90,115",15S026,"102,"
Jumaisat,-15.055,135.62,7.5,p,"S,F",6055.23,"19,69,99",15S129,
Bathsheba,-15.057,49.451,32.3,p,P,6051.727,57,15S043,"103,"
Fouquet,-15.089,203.52,47.8,p,P,6052.041,"33,90",15S197,"109,"
Gillian,-15.176,50.086,14.7,p,P,6051.616,57,15S043,"103,"
Florence,-15.219,85.045,10.5,p,M,6052.717,"78,114",15S077,"104,"
Munter,-15.287,39.338,32.1,p,P,6051.273,57,15S043,"102,"
Winnemucca,-15.359,121.061,30.3,f1,I,6054.272,"19,69,99",15S129,
Laurencin,-15.36,46.542,29.8,f1,P,6051.611,57,15S043,"102,"
Ailar,-15.816,68.391,8.2,p,S,6051.353,"16,57,60,113",15S060,"103,"
Ndella,-15.931,60.699,5.9,p,P,6051.326,"16,57,60,113",15S060,"103,"
Yenlik,-16,225.4,8.6,f1,S,6052.163,"34,79",15S232,"110,"
Cynthia,-16.736,347.453,15.9,p,P,6051.466,2,15S352,
Jhirad,-16.848,105.583,50.2,p,D,6053.149,"96,79,115",15S112,"105,"
Langtry,-16.971,154.998,50.3,f3,D,6052.657,"22,61,117;30,90,117",15S146;15S163,
Andami,-17.482,26.533,28.9,p,P,6051.223,"12,97,90,115",15S026,"102,"
,-17.688,313.873,2.1,p,S,,,,
Fatima,-17.8,31.9,14.5,p,P,6051.226,"12,97,90,115",15S026,"102,"
Gabriela,-17.8,240.4,17.5,p,P,6052.336,34;40,15S232;15S249,"111,"
Lois,-17.9,214.7,13.5,f1,Ic,6052.309,89,15S215,"109,"
Avviyar,-18.042,353.666,20.6,p,I,6051.091,2,15S352,
Aethelflaed,-18.204,196.574,20,p,I,6052.183,"33,90",15S197,"109,"
,-18.298,300.905,4.2,p,M,6051.429,"47,89",15S300,
Elena,-18.338,73.384,17.6,p,P,6051.498,"19,78,114",15S077,"103,"
Zosia,-18.9,109.2,10.5,p,P,6053.003,"96,79",15S112,"105,"
Bassi,-18.96,64.737,31,p,P,6051.092,"16,113","15S060,","103,"
Tanya,-19.3,282.7,14,vm,"S,F",6052.832,,,
Darline,-19.329,232.649,13,f1,"M,P",6051.512,"34,79",15S232,
Medhavi,-19.35,40.564,30.4,p,P,6051.828,57,15S043,"102,"
Michelle,-19.559,40.509,15,e,P,6051.804,57,15S043,"102,"
Loretta,-19.749,202.597,13.5,p,P,6051.902,"33,90",15S197,"109,"
Halle,-19.791,145.532,21.5,p,P,6053.166,"22,61,117",15S146,
Felicia,-19.819,226.481,11.5,p,I,6051.917,"34,79",15S232,"110,"
Udaltsova,-20.285,275.348,26.7,p,P,6052.046,41,15S283,"112,"
Georgina,-20.4,58.8,5.9,p,S,6051.272,"16,57,60,113",15S060,"103,"
Peggy,-20.4,357.2,11.9,f1,S,6051.072,2,15S352,
Drena,-20.7,338.7,2.4,p,M,6051.478,"2,100",15S335,
Klafsky,-20.722,188.099,25.5,f2,P,6053.441,"30,90,99",15S180,
,-20.988,216.642,3.4,p,M,6051.648,"33,89",15S215,
Liv,-21.084,303.869,11.2,p,I,6051.526,"47,89",15S300,
Astrid,-21.4,335.2,10.5,p,Ic,6051.604,"2,100",15S335,
,-21.6,176.3,4.7,p,M,6052.679,"30,90,99",15S180,
Marie,-21.7,232.4,14.2,p,P,6052.038,"34,79",15S232,"110,"
Cline,-21.847,317.085,38,p,P,6051.603,89,15S317,
Jerusha,-22,342.7,17.2,p,P,6051.513,"2,100;2",15S335;15S352,
,-22.31,342.522,2.4,v2,S,6051.476,2,15S335,
,-22.467,269.964,4,f1,I,6052.261,"41;40,79",15S266;30S261,"112,"
Devorah,-22.5,343.4,4.8,p,M,6051.604,"2,100;2",15S335;15S352,
Badarzewska,-22.572,137.202,29.6,vmp2,P,6053.609,21,30S135,
Kingsley,-22.623,306.372,26.6,p,P,6051.791,"47,89;43,90;47,100",15S300;30S297;30S315,
Hansberry,-22.705,324.089,26.6,vs2,"M,P",6052.349,100,30S315,
Nyele,-22.721,318.401,11.9,p,I,6051.714,"47,90,100",30S315,
Ellen,-22.776,281.27,14.6,vhp,I,6052.045,90,30S279,"112,"
Eileen,-22.8,232.7,16.1,p,P,6052.353,"34,79",30S225,"110,"
,-22.985,150.896,2.5,p,I,6052.517,"22,91,116",30S153,"122,"
Bugoslavskaya,-23.006,300.416,29.9,p,P,6051.367,"43,90",30S297,
Fukiko,-23.115,105.756,13.9,p,I,6052.664,96,30S099,"105,"
Scarpellini,-23.249,34.599,27.1,f1,P,6051.686,"14,100",30S027,"102,"
Stanton,-23.262,199.264,107,p,D,6052.068,"33,91",30S207,"109,"
Galindo,-23.264,258.838,23.8,f2,P,6052.261,"40,79",30S261,
Leida,-23.268,266.595,18.8,p,I,6052.419,"40,79",30S261,"112,"
Maltby,-23.283,119.692,36.6,f3,P,6053.677,79,30S117,"105,"
Mariko,-23.296,132.9,11.5,p,I,,"13,21,68",30S135,
Umaima,-23.3,195.4,6.9,p,I,6052.13,"31,91",30S189,"109,"
Orguk,-23.5,198.2,11.7,p,Sc,6052.052,"33,91",30S207,"109,"
Pena,-23.62,190.647,29.6,f1,P,6052.456,"31,91",30S189,"123,"
Gulnara,-23.7,174,5,f1,M,6051.682,"31,91,99",30S171,"123,"
Carr,-24.05,295.664,31.8,vmp1,P,6051.875,"43,90",30S297,
Carson,-24.182,344.14,38.8,p,P,6051.591,2,30S351,230
Bette,-24.6,347.9,7.2,p,M,6051.554,2,30S351,230
Willard,-24.646,296.064,48.4,f1,P,6051.874,"43,90",30S297,
,-25.006,311.152,3.4,p,I,6051.605,"90,100",30S315,
Austen,-25.006,168.423,45.1,p,P,6053.387,"31,91,99",30S171,"123,"
Kimitonga,-25.05,48.25,5,p,I,6051.828,57,30S045,"118,"
,-25.262,239.88,3.4,p,M,6051.488,"40,90",30S243,"125,"
Pavlinka,-25.5,158.7,7.5,p,M,6053.146,"22,91,116",30S153,"122,"
Wu Hou,-25.511,317.418,27.5,p,P,6051.483,"90,100",30S315,
Ruit,-25.554,72.964,6.4,p,I,6051.139,"16,69,91,117;20,91,117",30S063;30S081,"119,"
Onissya,-25.6,150.2,8.2,p,M,6052.1,"22,91,116",30S153,"122,"
O'Connor,-25.963,143.89,30.4,p,P,6052.588,"21,79,117;22,91,116",30S135;30S153,
,-26.1,130.4,3,f3,S,6053.422,"21,79,117",30S135,
Yasuko,-26.1,169,10.6,p,P,6053.212,"31,91,99",30S171,"123,"
Anicia,-26.324,31.288,38.2,p,P,6051.765,100,30S027,"117,"
Danilova,-26.381,337.242,48.8,p,P,6052.044,"2,100",30S333,230
Aglaonice,-26.387,339.932,63.7,p,P,6051.877,"2,100",30S333,230
Zhu Shuzhen,-26.492,356.522,29.4,p,P,6051.58,2,30S351,230
Emilia,-26.5,88.2,12.5,p,I,6051.532,"91,117",30S081,"119,"
,-26.6,167.9,2.8,p,M,6052.786,"31,91,99",30S171,"122,"
Boulanger,-26.631,99.25,71.5,p,D,6052.808,"20,96,91,117",30S099,"120,"
Nelike,-26.78,329.16,6.3,p,I,6052.012,100,30S333,
Simonenko,-26.864,97.622,31.9,p,P,6052.236,"20,96,91,117",30S099,"120,"
Virga,-26.981,7.752,10.3,f1,I,6052.638,14,30S009,"116,"
Ivne,-27,132.83,9,f2,M,6052.183,"21,79,117",30S135,
Hanka,-27.273,114.317,5,p,I,6053.484,"21,96,79",30S117,"120,"
Yomile,-27.3,138.7,13.6,p,Ic,6053.139,"21,79,117",30S135,
,-27.38,330,2,p,M,,,,
,-27.7,184.2,4.2,p,I,6051.963,"31,91",30S189,"123,"
Nadia,-27.908,0.632,11.3,p,I,6052.798,2,30S351,"116,"
Janyl,-27.97,138.822,5.6,p,I,6053.105,"21,79,117",30S135,
Francesca,-28,57.7,17,p,P,6051.236,"69,91,117",30S063,"118,"
Inkeri,-28.33,223.997,10.1,p,I,6051.884,"34,79",30S225,"125,"
Kastusha,-28.56,59.959,13,p,P,6051.198,"16,69,91,117",30S063,"118,"
Saskia,-28.585,337.122,37.1,p,P,6051.848,"2,100",30S333,230
Sophia,-28.639,18.768,17.6,p,P,6051.773,"14;14,100",30S009;30S027,"116,"
Kitna,-28.91,277.276,15.3,p,P,6052.112,"41,90",30N279,"127,"
Peck,-28.912,294.252,30.4,vmp,P,6052.297,"43,90",30S297, 
Judith,-29.082,104.459,16.6,p,I,6052.635,"91,117",30S099,"120,"
Amanda,-29.184,94.469,12.5,vm,P,6052.254,"20,96,91,117",30S099,"119,"
Ayana,-29.2,175.5,13.8,p,P,6051.912,"31,91,99",30S171,"123,"
Oakley,-29.299,310.534,18.4,p,P,6052.117,"47,90,100",30S315,
Zenobia,-29.348,28.555,39.1,p,P,6051.734,"14,100",30S027,"117,"
Alimat,-29.5,205.9,13.5,e,"S,F",6051.756,"33,91",30S207,"124,"
Katrya,-29.521,108.7,9.2,p,Ic,6052.507,"96,91,117;21,96,79",30S099;30S117,"20,"
Zerine,-29.579,258.603,6.5,f1,I,6052.473,"40,79",30S261,"126,"
Isabella,-29.813,204.194,175,p,B,6051.941,"33,91",30S207,"124,"
Stein,-30.141,345.49,13.3,p,M,6051.348,2,30S351,230
Whitney,-30.154,151.343,42.5,f1,P,6052.037,"22,91,116",30S153,"122,"
Masako,-30.181,53.169,23.8,p,P,6051.519,57,30S045,"118,"
Radhika,-30.322,166.459,7.9,p,M,6052.311,"31,91,99",30S171,"122,"
Xenia,-30.35,249.422,13.5,p,M,6051.096,"40,90",30S243,"126,"
Moore,-30.354,248.403,21.1,p,P,6051.07,"40,90",30S243,"126,"
Tehina,-30.356,76.426,5.4,p,I,6051.099,"20,91,117",30S081,"119,"
Kalombo,-30.5,34,9.6,p,"M,P",6052.198,"14,100",30S027,"117,"
Stuart,-30.79,20.224,68.6,p,D,6051.787,"14,100",30S027,"116,"
Koinyt,-30.916,293.263,11.7,p,P,6052.145,"43,90",30S297,
Purev,-31.1,46.4,11.6,p,S,6052.031,57,30S045,"117,"
Sirani,-31.453,230.395,28.3,p,P,6051.729,"34,79",30S225,"125,"
Deloria,-32.02,97.126,31.9,p,P,6052.459,"20,96,91,117",30S099,"120,"
von Paradis,-32.193,314.866,37.5,p,P,6052.174,"90,100",30S315,
Yoshioka,-32.367,58.95,16.6,p,"S,F",6052.005,69,30S063,"118,"
Behn,-32.449,142.04,25.4,f1,P,6053.074,"21,79,117",30S135,
Kanik,-32.544,249.875,16.5,p,P,6051.217,"40,90",30S243,"126,"
,-32.58,314.677,2,e,S,6051.926,"90,100",30S315,
Royle,-32.715,193.72,6.1,p,M,6051.509,"31,91",30S189;,"124,"
Kaikilani,-32.8,163.2,19.9,p,P,6051.674,"22,91,116;31,91,99",30S153;30S171,"122,"
Lockwood,-32.887,51.593,22,p,P,6051.922,57,30S045,"118,"
Qarlygha,-33,162.9,9.3,p,P,6051.631,"31,91,99",30S171,"122,"
Jocelyn,-33.23,276.402,14,p,P,6052.437,"41,90",30S279,"127,"
Agrippina,-33.249,65.652,38.6,p,P,6051.093,"16,69,91,117",30S063,"118,"
Cohn,-33.3,208.1,18.3,p,P,6051.43,"33,91",30S207,"124,"
Maret,-33.305,280.238,11.7,p,I,6052.423,"41,90",30S279,"127,"
,-33.4,216.2,3.3,p,I,6051.485,"33,91",30S207,"125,"
Mansa,-33.9,63.4,8.1,p,Ic,6051.054,"16,69,91,117",30S063,"118,"
Yonsuk,-33.933,234.807,8.5,p,I,6051.489,"40,90",30S243,"125,"
Leah,-34.2,187.8,12,p,M,6051.725,"31,91",30S189,"123,"
d' Este,-34.268,238.937,21.6,p,P,6051.719,"40,90",30S243,"125,"
Elza,-34.421,275.889,18,p,Ic,6051.935,"41,90",30S279,"127,"
,-34.95,105.56,1.5,p,M,6052.206,96,30S099,"120,"
Rose,-35.169,248.226,15.5,p,I,6051.191,"40,90",30S243,"126,"
Nevelson,-35.272,307.801,69.8,p,D,6052.142,90,30S315,
Dorothy,-35.4,11.3,8.4,vhp,"S,F",6051.852,14,30S009,"116,"
Ma Shouzhen,-35.665,92.539,18.9,p,P,6051.795,"20,96,91,117",30S099,"119,"
Jodi,-35.7,68.7,10.2,p,M,6051.155,69,30S063,"118,"
Ulpu,-35.753,179.093,7,p,M,6051.47,"31,91,99",30S171,"123,"
Viola,-36.117,240.511,10,p,Ic,6051.52,"40,90",30S243,"126,?"
Bonnevie,-36.13,127.039,92.2,p,D,6052.411,"21,96,78;79,117",30S117;30S135,
Seseg,-36.336,312.64,9.8,p,M,6052.028,"90,100",30S315,243
 Dix,-37.011,329.024,63.3,p,D,6052.137,100,30S333,244
Deborah,-37.3,10.6,9.7,p,"M,P",6051.715,14,30S009,"131,"
,-37.538,235.351,3.2,p,Ic,6051.709,85,45S244,
Woolf,-37.683,27.202,24.5,f1,"M,P",6052.03,"14,112,95,92",45S032,"132,"
Germain,-37.949,63.676,35.5,p,P,6051.092,"61;16,96",45S053;45S074,"133,"
Veronica,-38.1,124.6,17.9,p,I,6052.642,"21,96,78",45S117,
Nilanti,-38.252,331.442,9.2,vhp?,I,6051.815,"85,99",45S329,244
Teumere,-38.3,88.1,5.4,p,I,6051.141,"19,97,92,114",45S096,"134,"
Sabin,-38.505,274.727,33.1,p,P,6052.318,"40,91",45S265,242
 ,-38.7,359.1,3,p,I,6051.474,"2,60",45S350,245
Samintang,-39.012,80.707,25.9,p,P,6051.458,"16,92,96",45S074,"134,"
,-39.029,260.316,4.5,p,I,6051.253,"40,91",45S265,
Hadisha,-39.04,97.179,8.9,p,M,6051.113,"19,97,92,114",45S096,"135,"
Wollstonecraft,-39.141,260.81,44.1,p,"M,P",6051.363,"40,91",45S265,
Boyd,-39.364,221.391,22,p,Ic,6051.757,"33,78",45S223,
,-39.4,110,3.3,p,M,6051.655,"21,96,78",45S117,"135,"
Agnesi,-39.431,37.715,42.4,p,P,6051.824,"14,112,95,92",45S032,"132,"
Maurea,-39.517,69.09,9.9,p,I,6051.468,"92,96",45S074,"133,"
Mae,-40.5,345.2,7.5,p,Ic,6051.072,"2,60",45S350,245
Bernice,-40.7,14.8,12.6,vhp1,"S,F",6052.02,"12,60",45S011,"131,"
Philomena,-40.742,151.881,14.8,p,P,6051.537,"22,92,116",45S159,"137,"
Ustinya,-41.16,251.646,11.8,f1,Sc,6051.967,"40,85,113",45S244,
Vaka,-41.4,8.9,11.8,p,S,6052.229,"12,60",45S011,"131,"
Steinbach,-41.422,256.945,20.3,p,P,6051.698,"40,91",45S265,
,-41.6,142.9,4.8,p,I,6052.406,"21,92,117",45S138,
Eini,-41.6,96.4,5.9,p,P,6050.898,"19,97,92,114",45S096,"135,"
Odikha,-41.648,238.121,10.6,f1,P,6051.585,"40,85,113",45S244,
Muriel,-41.7,12.4,20.2,p,Ic,6052.286,"12,60",45S011,"131,"
Aksentyeva,-41.999,271.926,42.5,p,P,6051.992,"40,91",45S265,242
,-42.05,149.6,2.6,p,M,6051.646,"22,92,116",45S159,137
Jalgurik,-42.327,125.126,7.5,p,I,6052.576,"21,96,78",45S117,
Sarah,-42.434,1.757,18.5,p,"S,F",6051.474,12,45S011,"131,"
Teresa,-42.5,10,14.8,f1,I,6052.018,"12,60",45S011,"131,"
Lu Zhi,-42.577,303.368,8.3,vhp,"S,F",6052.267,91,45S307,243
Oma,-42.715,329.108,7.6,f1,Ic,,,,,,
Inira,-43.101,239.366,16.5,p,I,6051.376,"40,85,113",45S244,,,
Stowe,-43.198,233.17,80,p,"S,F",6050.971,"33,78;40,85,113","45S223,45S244",,,
Xiao Hong,-43.539,101.679,38.7,p,P,6050.87,"19,97,92,114",45S096,135,,
Shushan,-43.806,70.223,8.5,p,I,6051.74,"92,96",45S074,"133,",,
Kosi,-43.94,54.987,7.7,p,I,6051.23,"60,61,116",45S053,"133,",,
Shasenem,-44.055,258.922,9,p,"M,P",6051.501,"40,91",45S265,,,
Lehmann,-44.104,39.063,21.7,vs?,P,6051.384,"14,112,95,92",45S032,"132,",,
Leila,-44.2,86.8,18.8,p,P,6050.969,19,45S096,"134,",,
Kenny,-44.353,271.053,52.7,vm1,D,6051.873,"40,91",45S265,242,, 
Sovadi,-44.805,225.537,12.4,p,I,6050.981,"33,76,78",45S223,,,
Bridgit,-45.3,348.8,10,f1,I,6051.171,"2,60",45S350,245,,
,-45.5,335.5,19,p,P,,,,,,
,-45.5,335.5,42,p,D,,,,,,
Sandel,-45.7,211.7,17.9,p,P,6052.349,"31,92;33,78",45S202;45S223,"139,",,
Howe,-45.706,174.836,38.6,p,P,6051.527,"69,92,99",45S180,"138,",,
Alima,-46,229.2,10.3,p,I,6050.757,"33,78",45S223,
Phryne,-46.152,314.724,39.4,p,P,6051.345,91,45S307,244
Zemfira,-46.2,157.7,11.4,p,P,6051.195,"22,92,116",45S159,"137,"
 ,-46.3,126,4.8,p,M,6051.865,"21,96,78;21,92,117",45S177;45S138,
Nyogari,-46.4,306.4,13,p,P,6052.392,91,45S307,
Bernadette,-46.639,285.598,12.8,vm,I,6052.307,"43,91",45S286,242
Holiday,-46.737,12.833,27.7,f1,P,6051.638,"12,60",45S011,"131,"
Erin,-47.042,184.803,13.6,p,I,6051.201,"69,92,99",45S180,
Afiba,-47.117,102.68,9.5,p,M,,19,45S096;1,
Adaiah,-47.283,253.35,18,p,P,6051.338,"40,85,113;40,91",45S244;45S265,
Yelya,-47.5,211.7,8.6,p,M,6052.479,"31,92;33,78",45S202;45S223,"139,"
Ottavia,-47.5,187.1,12.9,p,P,6051.003,"69,92,99",45S180,"138,"
Abington,-47.786,277.709,21.7,p,P,6051.882,43,45S286,242
Chiyojo,-47.801,95.699,40.2,f1,D,6051.331,"19,92",45S096,"134,"
Imagmi,-48.41,100.745,7.6,p,I,6050.786,"19,97,92,114",45S096,
,-48.55,216.01,3.5,p,I,6052.397,"33,78",45S223,
 ,-48.7,354.9,4.2,v1mp,Ic,6051.231,"2,60",45S350,,,
Rachel,-48.7,13.5,12.5,p,I,6052.178,"12,60",45S011,,,
Nastya,-49.009,275.892,12.5,p,P,6051.534,"40,91;43,91",45S265;45S286,,,
Valadon,-49.043,167.66,25.2,p,P,6051.705,"22,92,116;69,92,99",45S159;45S180,"150,",,
Nomeda,-49.194,55.508,10.4,p,P,6051.876,"61,116",45S053,,,
Raki,-49.4,70,7.5,p,M,6052.221,"16,92,96",45S074,,,
Yokhtik,-50.1,158.1,11.4,p,S,6051.703,"22,92,116",45S159,"150,",,
Fredegonde,-50.502,93.276,25.2,p,P,6051.66,"19,97,92,114",45S096,,,
Erxleben,-50.854,39.404,31.6,p,P,6052.232,"14,112,95,92",45S032,,,
Irma,-50.9,122,9.5,p,M,6051.156,"21,96,78",45S117,,,
Ulla,-51.508,184.552,10.4,p,Ic,6050.864,69,45S180,,,
Mildred,-51.7,348.3,12,p,Ic,6051.1,2,45S350,,, 
Istadoy,-51.8,132.6,5.4,p,I,6051.163,"21,92,117",45S138,,,
Henie,-51.941,145.972,70.4,p,P,6050.833,"21,92,117;22,92,116",45S138;45S159,"150,",,
Von Siebold,-51.989,36.646,32.4,p,P,6051.709,"14,112,95,92",45S032,,,
Abigail,-52.2,111.2,18.4,p,P,6050.839,"21,96,78",45S117,,,
Barrymore,-52.343,195.684,56.6,fc1,D,6051.003,"31,92;34,95",45S202;60S208,,,
Grey,-52.418,329.363,50,p,P,6051.197,85,45S329,,,
Abaka,-52.526,104.375,14.5,p,P,6050.981,"22,95",60S097,,,
Hsueh T'ao ,-52.584,13.793,21,f3,?,6051.217,"16,60",60S014,,,
Lazarus,-52.858,127.206,24.2,p,P,6051.23,95,60S125,,,
Virginia,-52.9,185.9,18.5,p,P,6050.872,"33,95",60S180,,,
Retno,-52.956,192.356,7.2,p,I,6051.014,"33,95",60S180,,,
Umkana,-53.3,198.6,6.2,p,I,6051.084,"34,95",60S208,,, 
Ngaio,-53.3,61.8,9.5,p,I,6052.591,85,60S070,,,
Izudyr,-53.9,135.2,6.6,p,Ic,6050.937,"22,95",60S125,,,
Huang Daopo,-54.201,165.254,29.1,f1,P,6051.971,"22,95",60S153,"150,",,
Flagstad,-54.305,18.884,39.2,p,P,6051.811,"16,60",60S014,,,
Trollope,-54.761,246.366,27.2,p,P,6051.054,"37,95",60S236,,,
Nadeyka,-54.8,305.3,9.3,p,S,6051.607,95,60S319,,,
,-55.4,129,4.5,p,M,6051.001,"22,95",60S125,,,
Nina,-55.532,238.712,24.6,p,"M,P",6051.149,"37,95",60S236,,,
Meitner,-55.623,321.601,149,p,B,6051.635,95,60S319,
Yvonne,-55.988,298.393,14.5,p,"I,P",6051.146,"47, 95",60S291,
Godiva,-56.137,251.603,30.7,p,P,6051.083,"41,85",60S263,
Dunghe,-56.19,295.322,5.5,p,M,6051,"47,95",60S291,
Addams,-56.202,98.94,87,p,D,6051.713,"22,95",60S097,
,-56.9,160.6,3.7,p,S,6051.311,"22,95",60S153,"150,"
Opika,-57.1,151.9,9.8,p,Ic,6050.768,"22,95",60S153,"150,"
Guzel,-57.643,298.683,7.3,p,M,6051.2,"47,95",60S291,
Delilah,-57.92,250.232,18.5,p,P,6051.041,"37,95;41,85",60S236;60S263,
Guilbert,-57.996,13.637,25.5,p,P,6051.843,"16,60",60S014,
Glaspell,-58.434,269.559,26.3,p,P,6051.117,"41,85",60S263,
Runak,-58.5,196.3,7.6,p,I,6051.252,"34,95",60S208,
Akosua,-58.6,18.1,6.2,p,I,6052.293,"16,60",60S014,
Nofret,-58.762,252.182,22.5,p,I,6051.062,"95;41,85",60S236;60S263,
Marzhan,-58.924,248.342,13.8,p,I,6051.26,"37,95;41,85",60S236;60S263,
Eudocia,-59.066,201.958,27.5,p,P,6051.445,"34,95",60S208,
Alcott,-59.52,354.388,66,vh1,"S,F",6052.266,60,60S347,
Gretchen,-59.7,212.3,20.8,p,P,6051.196,95,60S208,
Kahlo,-59.855,178.874,35.6,p,P,6051.01,"33,95",60S180,"150,"
Blixen,-60.13,145.689,20.8,p,P,6050.684,"22,95",60S153,"150,?"
Vesna,-60.3,220.5,14.9,p,P,6051.306,95,60S208,
Jane,-60.458,304.781,10.2,p,I,6051.625,95,60S291,
Colleen,-60.8,162.2,13.5,p,M,6051.109,"22,95",60S153,
Kollado,-61,53.4,5.5,p,M,6052.308,"52,57,97",60S042,
Nakai,-61.027,286.187,3.7,p,M,6051.393,"47,95",60S291,
Guan Daosheng,-61.088,181.805,43.6,p,P,6051.119,"33,95",60S180,
Morisot,-61.173,211.337,48,p,P,6051.072,95,60S208,
Evelyn,-61.2,212.3,18,"p,e",P,6051.008,95,60S208,
Ichikawa,-61.583,156.322,31.4,p,P,6050.997,"22,95",60S153,
Megan,-61.8,130.6,15.8,p,P,6051.328,"22,95",60S125,
Jitka,-61.9,70.9,13,p,P,6051.595,85,60S070,
Lucia,-62.1,67.8,16,p,P,6051.699,85,60S070,
Parvina,-62.2,153,7,p,M,6050.938,"22,95",60S153,,,
Uluk,-62.2,178.6,10.3,f1,Sc,6051.326,"33,95",60S180,,,
Durant,-62.307,227.653,21.1,p,I,6051.529,95,60S236,,,
Pychik,-62.4,33.8,10.1,f1,I,6052.01,"20,54,57,97",60S042,,,
Bryce,-62.512,196.99,23.9,p,P,6051.357,"33,95;34,95",60S180;60S208,,,
Melanie,-62.75,144.3,12.3,p,I,6050.74,"22,95",60S153,,,
Juanita,-62.8,90,19.3,p,P,6052.361,"22,95",60S097,,,
Tuyara,-62.9,15.5,13.2,f1,I,6052.475,"16,60",60S014,,,
Dinah,-62.9,37.1,15.6,f3,I,6051.78,"20,54,57,97",60S042,,,
Vacarescu,-62.957,199.794,31.5,p,P,6051.113,"34,95",60S208,,,
Goncharova,-63.002,97.737,30.3,p,"I,P",6052.255,"22,95",60S097,,,
Ponselle,-63.014,289.118,57.7,p,D,6051.964,47,60S291,,, 
Sartika,-63.391,67.025,18.7,p,"M,P",6051.659,85,60S070,,,
Berggolts,-63.451,52.991,29.5,p,P,6051.765,"57,97;21,85",60S042;60S070,,,
Danute,-63.5,56.5,12.3,p,P,6051.815,"57,97;21,85",60S042;60S070,,,
 Marsh,-63.598,46.596,47.7,p,P,6052.152,"20,54,57,97",60S042,,,
Rand,-63.775,59.536,24.3,p,P,6051.94,"57,97;21,85",60S042;60S070
Feruk,-64,107.6,8.3,p,I,6051.806,"22,95",60S097
Oku,-64.2,232.2,13.3,p,P,6051.246,95,60S236
Yonok,-65.1,234.1,9.5,p,P,6051.195,95,60S236
Mamajan,-65.104,257.267,2,p,I,6050.871,"41,85",60S263
Kristina,-65.2,315.9,9.7,p,I,6051.475,95,60S319
Caitlin,-65.3,12,14.7,p,M,6053.889,"16,60",60S014
Lyon,-66.506,270.553,12.4,p,P,6051.061,"41,85;47,95",60S263;60S291
Zakiya,-66.54,234.136,7.5,p,S,6051.313,95,60S236
Ines,-67.092,241.92,11.2,p,Ic,6050.836,95,60S236
Sayers,-67.502,229.802,98,p,D,6051.07,95;85,60S236;75S248
Sandi,-68.1,315.1,12.6,p,I,6050.992,95,60S319
Orlette,-68.11,193.311,12.5,p,"Ic,P",6051.387,"48,84",75S203
Laulani,-68.174,121.176,12.4,f1,I,6051.208,85,75S113
Ximena,-68.219,243.624,12.8,p,I,6050.595,85,75S248
Flutra,-68.394,112.083,6,p,I,6051.826,"51,85",75S113
Edinger,-68.816,208.524,33.3,p,P,6051.591,"48,84",75S203
Hilkka,-69,72,10.3,p,P,6051.856,96,75S068
Melina,-69.9,319.5,12.7,p,Ic,6050.766,97,75S337
Jacqueline,-70.058,123.609,16.5,p,"I,F",6051.701,"51,85",75S113
Matahina,-72.333,65.911,8.5,p,P,6051.829,96,75S068
Giliani,-72.913,142.115,19.9,p,P,6051.248,96,75S158
Wiwi-yokpa,-73.848,228.371,4.5,p,I,6051.06,"48,84;48,85",75S203;75S248
Leonard,-73.848,185.178,31.7,p,P,6051.338,96;4884,75S158;75S203
Oivit,-73.918,195.51,4.8,p,I,6051.469,84,75S203
Wieck,-74.229,244.819,20.2,p,P,6050.958,85,75S248
Simbya,-74.432,129.979,7.5,p,M,6051.282,"51,85;96",75S113;75S158
Isolde,-74.527,211.963,11.9,p,P,6051.12,"48,84",75S203
,-74.587,208.976,2.2,p,S,,,
Rufina,-74.617,195.166,8.9,p,M,6051.99,84,75S203
Eila,-74.998,94.626,9.5,p,S,6051.643,"51,96;51,85",75S068;75S113
Teroro,-75.784,88.065,9.2,p,I,6051.731,"96;51,85",75S068;75S113
Lhagva,-75.816,300.121,7.9,p,I,6051.182,48,75S293
Nilsson,-75.939,277.566,27.3,p,P,6051.197,48,75S293
Uyengimi,-76.862,204.957,8.9,p,I,6051.485,82,75S203
Hurston,-77.644,94.736,52.4,p,D,6051.485,"96;51,85",75S068;75S113
Erinna,-78.002,309.121,33.8,p,P,6051.162,"48,85;78,95,97",75S293;75S338
Gahano,-80.165,77.427,4.5,p,I,6051.523,"96;51,85",75S068;75S113
Bickerdyke,-82.025,171.324,36.3,p,P,6051.457,96,75S158
Duse,-82.5,358,30.4,p,P,6051.796,"78,95,97",75S338
